Label,# Samples,Average,Median,90% Line,95% Line,99% Line,Min,Max,Error %,Throughput,Received KB/sec,Sent KB/sec
Login,10000,1880,1857,2666,3085,3896,75,11378,0.000%,50.89887,21.23,13.16
TOTAL,10000,1880,1857,2666,3085,3896,75,11378,0.000%,50.89887,21.23,13.16
